"item_id","item_name","cat_id","item_price","item_quantity","in_stock","sku"
1035,"Kitchen towel","CA12",20,29,"True","s1"
1015,"Steam Vegetable","CA5",29,6,"True","s2"
1029,"Bok choy","CA10",19,2,"True","s3"
1012,"Milk bread","CA4",30,18,"True","s4"
1004,"Toy","CA2",2,26,"True","s5"
1009,"Sandwich","CA3",8,18,"True","s6"
1019,"Swiss cheese","CA7",4,10,"True","s7"
1042,"Chinese kit","CA14",21,15,"True","s8"
1063,"SunChip","CA21",10,8,"True","s9"
1054,"Egg","CA18",27,7,"True","s10"
1009,"Sandwich","CA3",15,10,"True","s11"
1041,"Thai kit","CA14",4,0,"False","s12"
1009,"Sandwich","CA3",17,7,"True","s13"
1063,"SunChip","CA21",10,23,"True","s14"
1060,"Crab","CA20",6,6,"True","s15"
1043,"Beef","CA15",3,0,"False","s16"
1022,"Orchid","CA8",17,26,"True","s17"
1041,"Thai kit","CA14",29,18,"True","s18"
1001,"Beer","CA1",14,6,"True","s19"
1018,"Nonfat milk","CA6",19,20,"True","s20"
1026,"Ice","CA9",9,10,"True","s21"
1035,"Kitchen towel","CA12",9,7,"True","s22"
1055,"Tomato salsa","CA19",5,10,"True","s23"
1016,"Whole milk","CA6",9,29,"True","s24"
1014,"Kungpao Chicken","CA5",17,18,"True","s25"
1003,"Tequila","CA1",30,15,"True","s26"
1045,"Lamb","CA15",30,2,"True","s27"
1028,"Celery","CA10",29,15,"True","s28"
1053,"Chicken thigh","CA18",16,4,"True","s29"
1024,"Lily","CA8",5,26,"True","s30"
1059,"Shrimp","CA20",17,0,"False","s31"
1045,"Lamb","CA15",9,23,"True","s32"
1005,"Lego","CA2",17,18,"True","s33"
1043,"Beef","CA15",13,20,"True","s34"
1026,"Ice","CA9",6,29,"True","s35"
1041,"Thai kit","CA14",10,29,"True","s36"
1029,"Bok choy","CA10",20,5,"True","s37"
1006,"Nursing bottle","CA2",11,5,"True","s38"
1050,"Dog chain","CA17",19,10,"True","s39"
1008,"Muffin","CA3",7,23,"True","s40"
1008,"Muffin","CA3",3,23,"True","s41"
1060,"Crab","CA20",8,4,"True","s42"
1063,"SunChip","CA21",26,8,"True","s43"
1001,"Beer","CA1",23,2,"True","s44"
1043,"Beef","CA15",25,29,"True","s45"
1007,"Cake","CA3",8,18,"True","s46"
1061,"Gum","CA21",14,7,"True","s47"
1039,"Fork","CA13",13,11,"True","s48"
1052,"Chicken breast","CA18",22,6,"True","s49"
1028,"Celery","CA10",19,5,"True","s50"
1057,"Guacamole","CA19",2,18,"True","s51"
1047,"Orange soda","CA16",13,5,"True","s52"
1026,"Ice","CA9",9,7,"True","s53"
1003,"Tequila","CA1",20,20,"True","s54"
1046,"Coke","CA16",30,15,"True","s55"
1037,"Bowl","CA13",23,7,"True","s56"
1033,"Makeup remover","CA11",11,15,"True","s57"
1027,"Freezing machine","CA9",10,15,"True","s58"
1035,"Kitchen towel","CA12",26,3,"True","s59"
1006,"Nursing bottle","CA2",22,11,"True","s60"
1043,"Beef","CA15",20,15,"True","s61"
1056,"Corn salsa","CA19",7,29,"True","s62"
1033,"Makeup remover","CA11",8,2,"True","s63"
1019,"Swiss cheese","CA7",25,20,"True","s64"
1002,"Vodka","CA1",20,23,"True","s65"
1062,"Doritos","CA21",16,10,"True","s66"
1020,"French cheese","CA7",10,7,"True","s67"
1045,"Lamb","CA15",9,23,"True","s68"
1029,"Bok choy","CA10",18,23,"True","s69"
1008,"Muffin","CA3",9,6,"True","s70"
1049,"Brush","CA17",29,20,"True","s71"
1043,"Beef","CA15",12,18,"True","s72"
1014,"Kungpao Chicken","CA5",16,8,"True","s73"
1021,"Italian cheese","CA7",14,2,"True","s74"
1038,"Pan","CA13",19,5,"True","s75"
1034,"Paper towel","CA12",28,29,"True","s76"
1042,"Chinese kit","CA14",26,7,"True","s77"
1017,"2% milk","CA6",10,6,"True","s78"
1049,"Brush","CA17",27,29,"True","s79"
1003,"Tequila","CA1",12,7,"True","s80"
1063,"SunChip","CA21",17,23,"True","s81"
1035,"Kitchen towel","CA12",27,15,"True","s82"
1051,"Dog treat","CA17",23,20,"True","s83"
1037,"Bowl","CA13",11,7,"True","s84"
1044,"Pork","CA15",16,23,"True","s85"
1006,"Nursing bottle","CA2",22,10,"True","s86"
1033,"Makeup remover","CA11",21,2,"True","s87"
1045,"Lamb","CA15",25,2,"True","s88"
1009,"Sandwich","CA3",27,10,"True","s89"
1031,"Hand cream","CA11",8,4,"True","s90"
1005,"Lego","CA2",8,2,"True","s91"
1042,"Chinese kit","CA14",5,5,"True","s92"
1062,"Doritos","CA21",13,15,"True","s93"
1054,"Egg","CA18",2,10,"True","s94"
1039,"Fork","CA13",20,0,"False","s95"
1008,"Muffin","CA3",19,3,"True","s96"
1061,"Gum","CA21",1,10,"True","s97"
1038,"Pan","CA13",11,10,"True","s98"
1029,"Bok choy","CA10",4,18,"True","s99"
1039,"Fork","CA13",15,11,"True","s100"
1034,"Paper towel","CA12",10,18,"True","s101"
1037,"Bowl","CA13",2,2,"True","s102"
1027,"Freezing machine","CA9",21,8,"True","s103"
1015,"Steam Vegetable","CA5",2,23,"True","s104"
1048,"Coconut water","CA16",26,7,"True","s105"
1007,"Cake","CA3",12,6,"True","s106"
1016,"Whole milk","CA6",29,15,"True","s107"
1005,"Lego","CA2",6,2,"True","s108"
1001,"Beer","CA1",14,26,"True","s109"
1035,"Kitchen towel","CA12",25,4,"True","s110"
1008,"Muffin","CA3",13,8,"True","s111"
1055,"Tomato salsa","CA19",23,11,"True","s112"
1017,"2% milk","CA6",28,8,"True","s113"
1015,"Steam Vegetable","CA5",29,8,"True","s114"
1019,"Swiss cheese","CA7",1,10,"True","s115"
1056,"Corn salsa","CA19",22,2,"True","s116"
1051,"Dog treat","CA17",5,11,"True","s117"
1005,"Lego","CA2",1,11,"True","s118"
1045,"Lamb","CA15",2,10,"True","s119"
1046,"Coke","CA16",20,11,"True","s120"
1036,"Napkin","CA12",30,15,"True","s121"
1016,"Whole milk","CA6",19,10,"True","s122"
1044,"Pork","CA15",8,29,"True","s123"
1061,"Gum","CA21",27,3,"True","s124"
1063,"SunChip","CA21",3,6,"True","s125"
1034,"Paper towel","CA12",9,2,"True","s126"
1033,"Makeup remover","CA11",23,4,"True","s127"
1029,"Bok choy","CA10",4,23,"True","s128"
1046,"Coke","CA16",17,10,"True","s129"
1060,"Crab","CA20",27,5,"True","s130"
1040,"Indian kit","CA14",29,10,"True","s131"
1059,"Shrimp","CA20",22,26,"True","s132"
1014,"Kungpao Chicken","CA5",23,5,"True","s133"
1014,"Kungpao Chicken","CA5",17,5,"True","s134"
1018,"Nonfat milk","CA6",7,6,"True","s135"
1062,"Doritos","CA21",24,10,"True","s136"
1002,"Vodka","CA1",7,15,"True","s137"
1039,"Fork","CA13",8,4,"True","s138"
1045,"Lamb","CA15",11,11,"True","s139"
1052,"Chicken breast","CA18",28,23,"True","s140"
1017,"2% milk","CA6",12,5,"True","s141"
1051,"Dog treat","CA17",5,8,"True","s142"
1038,"Pan","CA13",8,29,"True","s143"
1057,"Guacamole","CA19",4,20,"True","s144"
1004,"Toy","CA2",28,0,"False","s145"
1055,"Tomato salsa","CA19",9,26,"True","s146"
1058,"Salmon","CA20",14,26,"True","s147"
1014,"Kungpao Chicken","CA5",20,20,"True","s148"
1049,"Brush","CA17",4,18,"True","s149"
1053,"Chicken thigh","CA18",20,10,"True","s150"
1035,"Kitchen towel","CA12",29,23,"True","s151"
1030,"Cabbage","CA10",9,7,"True","s152"
1039,"Fork","CA13",27,10,"True","s153"
1030,"Cabbage","CA10",23,6,"True","s154"
1003,"Tequila","CA1",28,0,"False","s155"
1034,"Paper towel","CA12",19,20,"True","s156"
1015,"Steam Vegetable","CA5",20,2,"True","s157"
1045,"Lamb","CA15",18,2,"True","s158"
1015,"Steam Vegetable","CA5",30,4,"True","s159"
1009,"Sandwich","CA3",11,3,"True","s160"
1061,"Gum","CA21",25,4,"True","s161"
1032,"Face wash","CA11",4,18,"True","s162"
1052,"Chicken breast","CA18",10,29,"True","s163"
1036,"Napkin","CA12",23,11,"True","s164"
1002,"Vodka","CA1",24,4,"True","s165"
1024,"Lily","CA8",1,29,"True","s166"
1021,"Italian cheese","CA7",3,3,"True","s167"
1057,"Guacamole","CA19",1,10,"True","s168"
1035,"Kitchen towel","CA12",13,10,"True","s169"
1060,"Crab","CA20",8,29,"True","s170"
1010,"Croissant","CA4",20,3,"True","s171"
1039,"Fork","CA13",18,7,"True","s172"
1028,"Celery","CA10",5,23,"True","s173"
1005,"Lego","CA2",7,10,"True","s174"
1042,"Chinese kit","CA14",6,20,"True","s175"
1012,"Milk bread","CA4",12,6,"True","s176"
1032,"Face wash","CA11",23,10,"True","s177"
1031,"Hand cream","CA11",29,4,"True","s178"
1008,"Muffin","CA3",25,29,"True","s179"
1022,"Orchid","CA8",19,15,"True","s180"
1049,"Brush","CA17",6,10,"True","s181"
1043,"Beef","CA15",3,10,"True","s182"
1038,"Pan","CA13",28,11,"True","s183"
1004,"Toy","CA2",5,20,"True","s184"
1027,"Freezing machine","CA9",22,15,"True","s185"
1062,"Doritos","CA21",10,10,"True","s186"
1028,"Celery","CA10",16,4,"True","s187"
1004,"Toy","CA2",21,10,"True","s188"
1023,"Rose","CA8",11,20,"True","s189"
1004,"Toy","CA2",16,15,"True","s190"
1028,"Celery","CA10",18,3,"True","s191"
1057,"Guacamole","CA19",14,8,"True","s192"
1050,"Dog chain","CA17",19,29,"True","s193"
1045,"Lamb","CA15",3,7,"True","s194"
1056,"Corn salsa","CA19",22,10,"True","s195"
1012,"Milk bread","CA4",7,10,"True","s196"
1039,"Fork","CA13",20,20,"True","s197"
1032,"Face wash","CA11",26,4,"True","s198"
1048,"Coconut water","CA16",19,10,"True","s199"
1041,"Thai kit","CA14",20,6,"True","s200"
1007,"Cake","CA3",10,11,"True","s201"
1003,"Tequila","CA1",30,11,"True","s202"
1058,"Salmon","CA20",23,2,"True","s203"
1045,"Lamb","CA15",18,0,"False","s204"
1060,"Crab","CA20",12,8,"True","s205"
1059,"Shrimp","CA20",7,5,"True","s206"
1022,"Orchid","CA8",25,0,"False","s207"
1002,"Vodka","CA1",15,10,"True","s208"
1034,"Paper towel","CA12",29,7,"True","s209"
1011,"French bread","CA4",20,20,"True","s210"
1036,"Napkin","CA12",23,8,"True","s211"
1030,"Cabbage","CA10",9,18,"True","s212"
1031,"Hand cream","CA11",27,29,"True","s213"
1050,"Dog chain","CA17",15,8,"True","s214"
1060,"Crab","CA20",26,18,"True","s215"
1024,"Lily","CA8",19,5,"True","s216"
1060,"Crab","CA20",7,0,"False","s217"
1036,"Napkin","CA12",21,8,"True","s218"
1047,"Orange soda","CA16",10,4,"True","s219"
1005,"Lego","CA2",5,29,"True","s220"
1012,"Milk bread","CA4",7,8,"True","s221"
1019,"Swiss cheese","CA7",11,2,"True","s222"
1044,"Pork","CA15",20,10,"True","s223"
1033,"Makeup remover","CA11",6,26,"True","s224"
1050,"Dog chain","CA17",3,5,"True","s225"
1023,"Rose","CA8",6,10,"True","s226"
1044,"Pork","CA15",1,10,"True","s227"
1005,"Lego","CA2",15,15,"True","s228"
1062,"Doritos","CA21",13,6,"True","s229"
1034,"Paper towel","CA12",21,15,"True","s230"
1009,"Sandwich","CA3",28,29,"True","s231"
1016,"Whole milk","CA6",16,20,"True","s232"
1044,"Pork","CA15",19,8,"True","s233"
1052,"Chicken breast","CA18",21,6,"True","s234"
1036,"Napkin","CA12",18,29,"True","s235"
1014,"Kungpao Chicken","CA5",18,6,"True","s236"
1021,"Italian cheese","CA7",21,18,"True","s237"
1019,"Swiss cheese","CA7",18,5,"True","s238"
1026,"Ice","CA9",17,3,"True","s239"
1022,"Orchid","CA8",5,18,"True","s240"
1062,"Doritos","CA21",18,23,"True","s241"
1007,"Cake","CA3",5,10,"True","s242"
1063,"SunChip","CA21",15,10,"True","s243"
1035,"Kitchen towel","CA12",2,0,"False","s244"
1017,"2% milk","CA6",9,11,"True","s245"
1051,"Dog treat","CA17",16,2,"True","s246"
1054,"Egg","CA18",27,5,"True","s247"
1038,"Pan","CA13",29,23,"True","s248"
1040,"Indian kit","CA14",12,10,"True","s249"
1027,"Freezing machine","CA9",15,10,"True","s250"
1026,"Ice","CA9",9,15,"True","s251"
1060,"Crab","CA20",17,6,"True","s252"
1062,"Doritos","CA21",21,7,"True","s253"
1031,"Hand cream","CA11",29,29,"True","s254"
1049,"Brush","CA17",12,20,"True","s255"
1034,"Paper towel","CA12",7,5,"True","s256"
1027,"Freezing machine","CA9",30,10,"True","s257"
1003,"Tequila","CA1",29,10,"True","s258"
1027,"Freezing machine","CA9",3,29,"True","s259"
1031,"Hand cream","CA11",29,4,"True","s260"
1055,"Tomato salsa","CA19",1,4,"True","s261"
1054,"Egg","CA18",22,18,"True","s262"
1038,"Pan","CA13",27,0,"False","s263"
1019,"Swiss cheese","CA7",13,2,"True","s264"
1056,"Corn salsa","CA19",2,5,"True","s265"
1014,"Kungpao Chicken","CA5",18,11,"True","s266"
1007,"Cake","CA3",5,6,"True","s267"
1054,"Egg","CA18",20,5,"True","s268"
1011,"French bread","CA4",22,3,"True","s269"
1059,"Shrimp","CA20",29,3,"True","s270"
1037,"Bowl","CA13",27,23,"True","s271"
1034,"Paper towel","CA12",19,10,"True","s272"
1058,"Salmon","CA20",14,4,"True","s273"
1045,"Lamb","CA15",4,0,"False","s274"
1051,"Dog treat","CA17",14,23,"True","s275"
1013,"Broccoli Beef","CA5",2,7,"True","s276"
1025,"Freezing bag","CA9",18,11,"True","s277"
1027,"Freezing machine","CA9",9,26,"True","s278"
1061,"Gum","CA21",13,20,"True","s279"
1012,"Milk bread","CA4",1,8,"True","s280"
1007,"Cake","CA3",25,10,"True","s281"
1043,"Beef","CA15",16,18,"True","s282"
1050,"Dog chain","CA17",11,23,"True","s283"
1043,"Beef","CA15",3,23,"True","s284"
1002,"Vodka","CA1",9,15,"True","s285"
1042,"Chinese kit","CA14",21,10,"True","s286"
1007,"Cake","CA3",24,20,"True","s287"
1058,"Salmon","CA20",3,3,"True","s288"
1054,"Egg","CA18",25,15,"True","s289"
1053,"Chicken thigh","CA18",14,5,"True","s290"
1023,"Rose","CA8",10,2,"True","s291"
1056,"Corn salsa","CA19",6,10,"True","s292"
1044,"Pork","CA15",24,8,"True","s293"
1009,"Sandwich","CA3",22,29,"True","s294"
1008,"Muffin","CA3",17,11,"True","s295"
1053,"Chicken thigh","CA18",8,2,"True","s296"
1028,"Celery","CA10",4,8,"True","s297"
1008,"Muffin","CA3",20,18,"True","s298"
1052,"Chicken breast","CA18",1,10,"True","s299"
1038,"Pan","CA13",29,18,"True","s300"
1014,"Kungpao Chicken","CA5",28,10,"True","s301"
1055,"Tomato salsa","CA19",19,18,"True","s302"
1021,"Italian cheese","CA7",16,26,"True","s303"
1027,"Freezing machine","CA9",12,23,"True","s304"
1012,"Milk bread","CA4",30,18,"True","s305"
1049,"Brush","CA17",12,3,"True","s306"
1053,"Chicken thigh","CA18",21,7,"True","s307"
1005,"Lego","CA2",28,6,"True","s308"
1023,"Rose","CA8",7,23,"True","s309"
1032,"Face wash","CA11",22,23,"True","s310"
1050,"Dog chain","CA17",18,0,"False","s311"
1013,"Broccoli Beef","CA5",7,23,"True","s312"
1044,"Pork","CA15",17,8,"True","s313"
1040,"Indian kit","CA14",22,11,"True","s314"
1010,"Croissant","CA4",12,20,"True","s315"
1059,"Shrimp","CA20",4,10,"True","s316"
1062,"Doritos","CA21",5,29,"True","s317"
1049,"Brush","CA17",29,4,"True","s318"
1049,"Brush","CA17",18,8,"True","s319"
1004,"Toy","CA2",22,20,"True","s320"
1043,"Beef","CA15",10,10,"True","s321"
1060,"Crab","CA20",20,8,"True","s322"
1040,"Indian kit","CA14",10,3,"True","s323"
1050,"Dog chain","CA17",1,20,"True","s324"
1044,"Pork","CA15",26,6,"True","s325"
1021,"Italian cheese","CA7",25,6,"True","s326"
1051,"Dog treat","CA17",2,18,"True","s327"
1025,"Freezing bag","CA9",24,23,"True","s328"
1013,"Broccoli Beef","CA5",18,2,"True","s329"
1014,"Kungpao Chicken","CA5",1,5,"True","s330"
1049,"Brush","CA17",21,26,"True","s331"
1002,"Vodka","CA1",30,15,"True","s332"
1016,"Whole milk","CA6",20,10,"True","s333"
1014,"Kungpao Chicken","CA5",12,7,"True","s334"
1019,"Swiss cheese","CA7",5,2,"True","s335"
1022,"Orchid","CA8",25,3,"True","s336"
1014,"Kungpao Chicken","CA5",21,18,"True","s337"
1057,"Guacamole","CA19",2,15,"True","s338"
1040,"Indian kit","CA14",14,26,"True","s339"
1004,"Toy","CA2",4,0,"False","s340"
1044,"Pork","CA15",30,4,"True","s341"
1003,"Tequila","CA1",10,4,"True","s342"
1014,"Kungpao Chicken","CA5",9,20,"True","s343"
1044,"Pork","CA15",21,26,"True","s344"
1026,"Ice","CA9",11,10,"True","s345"
1007,"Cake","CA3",3,23,"True","s346"
1021,"Italian cheese","CA7",7,29,"True","s347"
1025,"Freezing bag","CA9",18,7,"True","s348"
1048,"Coconut water","CA16",5,7,"True","s349"
1026,"Ice","CA9",3,8,"True","s350"
1038,"Pan","CA13",11,2,"True","s351"
1059,"Shrimp","CA20",13,20,"True","s352"
1002,"Vodka","CA1",9,23,"True","s353"
1015,"Steam Vegetable","CA5",16,18,"True","s354"
1005,"Lego","CA2",19,8,"True","s355"
1059,"Shrimp","CA20",18,15,"True","s356"
1010,"Croissant","CA4",1,10,"True","s357"
1019,"Swiss cheese","CA7",22,23,"True","s358"
1057,"Guacamole","CA19",19,29,"True","s359"
1002,"Vodka","CA1",5,20,"True","s360"
1055,"Tomato salsa","CA19",18,5,"True","s361"
1008,"Muffin","CA3",12,8,"True","s362"
1003,"Tequila","CA1",19,8,"True","s363"
1043,"Beef","CA15",3,20,"True","s364"
1018,"Nonfat milk","CA6",16,18,"True","s365"
1014,"Kungpao Chicken","CA5",29,8,"True","s366"
1011,"French bread","CA4",10,10,"True","s367"
1039,"Fork","CA13",30,18,"True","s368"
1035,"Kitchen towel","CA12",24,18,"True","s369"
1028,"Celery","CA10",5,20,"True","s370"
1062,"Doritos","CA21",8,6,"True","s371"
1016,"Whole milk","CA6",7,10,"True","s372"
1037,"Bowl","CA13",1,10,"True","s373"
1033,"Makeup remover","CA11",16,10,"True","s374"
1048,"Coconut water","CA16",22,2,"True","s375"
1034,"Paper towel","CA12",2,5,"True","s376"
1018,"Nonfat milk","CA6",7,5,"True","s377"
1010,"Croissant","CA4",7,15,"True","s378"
1049,"Brush","CA17",4,18,"True","s379"
1019,"Swiss cheese","CA7",9,7,"True","s380"
1057,"Guacamole","CA19",15,3,"True","s381"
1018,"Nonfat milk","CA6",29,26,"True","s382"
1005,"Lego","CA2",23,10,"True","s383"
1037,"Bowl","CA13",8,3,"True","s384"
1008,"Muffin","CA3",28,2,"True","s385"
1023,"Rose","CA8",8,2,"True","s386"
1037,"Bowl","CA13",14,8,"True","s387"
1015,"Steam Vegetable","CA5",1,6,"True","s388"
1003,"Tequila","CA1",16,11,"True","s389"
1044,"Pork","CA15",15,2,"True","s390"
1036,"Napkin","CA12",14,11,"True","s391"
1011,"French bread","CA4",5,3,"True","s392"
1012,"Milk bread","CA4",18,15,"True","s393"
1038,"Pan","CA13",21,7,"True","s394"
1007,"Cake","CA3",14,23,"True","s395"
1038,"Pan","CA13",5,20,"True","s396"
1016,"Whole milk","CA6",27,15,"True","s397"
1059,"Shrimp","CA20",25,7,"True","s398"
1010,"Croissant","CA4",27,0,"False","s399"
1026,"Ice","CA9",24,6,"True","s400"
1036,"Napkin","CA12",25,8,"True","s401"
1017,"2% milk","CA6",21,18,"True","s402"
1057,"Guacamole","CA19",25,5,"True","s403"
1016,"Whole milk","CA6",4,15,"True","s404"
1018,"Nonfat milk","CA6",28,26,"True","s405"
1022,"Orchid","CA8",17,15,"True","s406"
1027,"Freezing machine","CA9",15,3,"True","s407"
1034,"Paper towel","CA12",4,29,"True","s408"
1057,"Guacamole","CA19",2,15,"True","s409"
1044,"Pork","CA15",11,15,"True","s410"
1005,"Lego","CA2",23,10,"True","s411"
1062,"Doritos","CA21",10,23,"True","s412"
1034,"Paper towel","CA12",23,2,"True","s413"
1048,"Coconut water","CA16",29,3,"True","s414"
1022,"Orchid","CA8",27,26,"True","s415"
1052,"Chicken breast","CA18",8,10,"True","s416"
1017,"2% milk","CA6",25,4,"True","s417"
1048,"Coconut water","CA16",11,7,"True","s418"
1043,"Beef","CA15",25,10,"True","s419"
1016,"Whole milk","CA6",9,6,"True","s420"
1049,"Brush","CA17",4,2,"True","s421"
1045,"Lamb","CA15",27,15,"True","s422"
1053,"Chicken thigh","CA18",25,5,"True","s423"
1034,"Paper towel","CA12",27,0,"False","s424"
1007,"Cake","CA3",16,15,"True","s425"
1037,"Bowl","CA13",5,2,"True","s426"
1019,"Swiss cheese","CA7",17,23,"True","s427"
1041,"Thai kit","CA14",5,2,"True","s428"
1056,"Corn salsa","CA19",24,2,"True","s429"
1028,"Celery","CA10",20,15,"True","s430"
1021,"Italian cheese","CA7",24,5,"True","s431"
1015,"Steam Vegetable","CA5",8,2,"True","s432"
1009,"Sandwich","CA3",27,7,"True","s433"
1033,"Makeup remover","CA11",24,10,"True","s434"
1037,"Bowl","CA13",2,29,"True","s435"
1016,"Whole milk","CA6",21,18,"True","s436"
1033,"Makeup remover","CA11",23,10,"True","s437"
1006,"Nursing bottle","CA2",29,2,"True","s438"
1015,"Steam Vegetable","CA5",21,5,"True","s439"
1052,"Chicken breast","CA18",20,5,"True","s440"
1034,"Paper towel","CA12",11,3,"True","s441"
1053,"Chicken thigh","CA18",13,3,"True","s442"
1058,"Salmon","CA20",3,23,"True","s443"
1006,"Nursing bottle","CA2",21,11,"True","s444"
1014,"Kungpao Chicken","CA5",29,10,"True","s445"
1002,"Vodka","CA1",2,8,"True","s446"
1044,"Pork","CA15",15,15,"True","s447"
1021,"Italian cheese","CA7",17,10,"True","s448"
1002,"Vodka","CA1",9,4,"True","s449"
1002,"Vodka","CA1",30,23,"True","s450"
1011,"French bread","CA4",17,15,"True","s451"
1012,"Milk bread","CA4",14,3,"True","s452"
1018,"Nonfat milk","CA6",18,6,"True","s453"
1018,"Nonfat milk","CA6",28,20,"True","s454"
1055,"Tomato salsa","CA19",26,10,"True","s455"
1006,"Nursing bottle","CA2",24,26,"True","s456"
1018,"Nonfat milk","CA6",18,4,"True","s457"
1016,"Whole milk","CA6",11,10,"True","s458"
1007,"Cake","CA3",11,10,"True","s459"
1056,"Corn salsa","CA19",15,23,"True","s460"
1029,"Bok choy","CA10",15,11,"True","s461"
1028,"Celery","CA10",22,15,"True","s462"
1014,"Kungpao Chicken","CA5",11,26,"True","s463"
1030,"Cabbage","CA10",9,26,"True","s464"
1002,"Vodka","CA1",6,0,"False","s465"
1019,"Swiss cheese","CA7",16,11,"True","s466"
1015,"Steam Vegetable","CA5",19,5,"True","s467"
1004,"Toy","CA2",26,4,"True","s468"
1053,"Chicken thigh","CA18",14,10,"True","s469"
1043,"Beef","CA15",11,4,"True","s470"
1028,"Celery","CA10",4,4,"True","s471"
1022,"Orchid","CA8",26,6,"True","s472"
1007,"Cake","CA3",11,5,"True","s473"
1039,"Fork","CA13",3,7,"True","s474"
1026,"Ice","CA9",8,20,"True","s475"
1056,"Corn salsa","CA19",18,23,"True","s476"
1032,"Face wash","CA11",2,29,"True","s477"
1001,"Beer","CA1",28,3,"True","s478"
1037,"Bowl","CA13",12,5,"True","s479"
1042,"Chinese kit","CA14",23,20,"True","s480"
1059,"Shrimp","CA20",15,8,"True","s481"
1042,"Chinese kit","CA14",15,29,"True","s482"
1004,"Toy","CA2",30,5,"True","s483"
1016,"Whole milk","CA6",5,15,"True","s484"
1063,"SunChip","CA21",10,10,"True","s485"
1020,"French cheese","CA7",6,0,"False","s486"
1023,"Rose","CA8",17,20,"True","s487"
1032,"Face wash","CA11",1,29,"True","s488"
1030,"Cabbage","CA10",30,7,"True","s489"
1024,"Lily","CA8",1,29,"True","s490"
1025,"Freezing bag","CA9",11,10,"True","s491"
1029,"Bok choy","CA10",23,5,"True","s492"
1049,"Brush","CA17",24,2,"True","s493"
1021,"Italian cheese","CA7",27,7,"True","s494"
1032,"Face wash","CA11",20,0,"False","s495"
1027,"Freezing machine","CA9",1,10,"True","s496"
1024,"Lily","CA8",18,11,"True","s497"
1015,"Steam Vegetable","CA5",23,11,"True","s498"
1050,"Dog chain","CA17",10,18,"True","s499"
1022,"Orchid","CA8",7,5,"True","s500"
1017,"2% milk","CA6",6,5,"True","s501"
1051,"Dog treat","CA17",14,0,"False","s502"
1051,"Dog treat","CA17",29,0,"False","s503"
1003,"Tequila","CA1",30,4,"True","s504"
1030,"Cabbage","CA10",29,10,"True","s505"
1038,"Pan","CA13",9,5,"True","s506"
1045,"Lamb","CA15",3,10,"True","s507"
1006,"Nursing bottle","CA2",23,11,"True","s508"
1045,"Lamb","CA15",13,8,"True","s509"
1037,"Bowl","CA13",24,10,"True","s510"
1018,"Nonfat milk","CA6",5,26,"True","s511"
1017,"2% milk","CA6",27,29,"True","s512"
1060,"Crab","CA20",13,26,"True","s513"
1060,"Crab","CA20",26,29,"True","s514"
1045,"Lamb","CA15",13,18,"True","s515"
1060,"Crab","CA20",2,7,"True","s516"
1028,"Celery","CA10",23,18,"True","s517"
1047,"Orange soda","CA16",13,15,"True","s518"
1014,"Kungpao Chicken","CA5",29,6,"True","s519"
1019,"Swiss cheese","CA7",3,2,"True","s520"
1001,"Beer","CA1",23,11,"True","s521"
1035,"Kitchen towel","CA12",10,11,"True","s522"
1013,"Broccoli Beef","CA5",6,10,"True","s523"
1056,"Corn salsa","CA19",20,8,"True","s524"
1060,"Crab","CA20",8,18,"True","s525"
1020,"French cheese","CA7",22,2,"True","s526"
1028,"Celery","CA10",6,4,"True","s527"
1052,"Chicken breast","CA18",10,26,"True","s528"
1039,"Fork","CA13",11,23,"True","s529"
1028,"Celery","CA10",26,2,"True","s530"
1024,"Lily","CA8",21,23,"True","s531"
1015,"Steam Vegetable","CA5",14,26,"True","s532"
1026,"Ice","CA9",30,11,"True","s533"
1044,"Pork","CA15",16,3,"True","s534"
1053,"Chicken thigh","CA18",12,6,"True","s535"
1004,"Toy","CA2",18,10,"True","s536"
1036,"Napkin","CA12",14,3,"True","s537"
1049,"Brush","CA17",14,23,"True","s538"
1015,"Steam Vegetable","CA5",18,11,"True","s539"
1010,"Croissant","CA4",23,11,"True","s540"
1028,"Celery","CA10",23,6,"True","s541"
1027,"Freezing machine","CA9",22,7,"True","s542"
1040,"Indian kit","CA14",30,3,"True","s543"
1042,"Chinese kit","CA14",1,6,"True","s544"
1005,"Lego","CA2",23,2,"True","s545"
1034,"Paper towel","CA12",30,15,"True","s546"
1043,"Beef","CA15",17,0,"False","s547"
1039,"Fork","CA13",21,23,"True","s548"
1011,"French bread","CA4",7,7,"True","s549"
1062,"Doritos","CA21",9,5,"True","s550"
1009,"Sandwich","CA3",24,5,"True","s551"
1012,"Milk bread","CA4",28,20,"True","s552"
1063,"SunChip","CA21",25,6,"True","s553"
1018,"Nonfat milk","CA6",25,23,"True","s554"
1062,"Doritos","CA21",18,6,"True","s555"
1012,"Milk bread","CA4",3,10,"True","s556"
1053,"Chicken thigh","CA18",4,15,"True","s557"
1012,"Milk bread","CA4",28,2,"True","s558"
1024,"Lily","CA8",4,29,"True","s559"
1022,"Orchid","CA8",9,20,"True","s560"
1004,"Toy","CA2",20,18,"True","s561"
1045,"Lamb","CA15",30,18,"True","s562"
1058,"Salmon","CA20",19,4,"True","s563"
1001,"Beer","CA1",26,3,"True","s564"
1031,"Hand cream","CA11",5,11,"True","s565"
1017,"2% milk","CA6",1,3,"True","s566"
1053,"Chicken thigh","CA18",9,7,"True","s567"
1053,"Chicken thigh","CA18",10,0,"False","s568"
1023,"Rose","CA8",7,6,"True","s569"
1042,"Chinese kit","CA14",9,15,"True","s570"
1033,"Makeup remover","CA11",29,10,"True","s571"
1015,"Steam Vegetable","CA5",14,15,"True","s572"
1002,"Vodka","CA1",23,26,"True","s573"
1060,"Crab","CA20",12,23,"True","s574"
1015,"Steam Vegetable","CA5",5,3,"True","s575"
1060,"Crab","CA20",1,23,"True","s576"
1014,"Kungpao Chicken","CA5",28,6,"True","s577"
1020,"French cheese","CA7",11,26,"True","s578"
1005,"Lego","CA2",23,10,"True","s579"
1050,"Dog chain","CA17",16,8,"True","s580"
1028,"Celery","CA10",13,3,"True","s581"
1013,"Broccoli Beef","CA5",1,11,"True","s582"
1020,"French cheese","CA7",6,8,"True","s583"
1015,"Steam Vegetable","CA5",12,10,"True","s584"
1034,"Paper towel","CA12",18,0,"False","s585"
1022,"Orchid","CA8",2,8,"True","s586"
1034,"Paper towel","CA12",10,8,"True","s587"
1035,"Kitchen towel","CA12",16,4,"True","s588"
1047,"Orange soda","CA16",21,11,"True","s589"
1044,"Pork","CA15",29,8,"True","s590"
1004,"Toy","CA2",4,23,"True","s591"
1006,"Nursing bottle","CA2",12,2,"True","s592"
1058,"Salmon","CA20",22,10,"True","s593"
1001,"Beer","CA1",14,15,"True","s594"
1049,"Brush","CA17",13,29,"True","s595"
1027,"Freezing machine","CA9",5,20,"True","s596"
1007,"Cake","CA3",25,11,"True","s597"
1050,"Dog chain","CA17",23,6,"True","s598"
1038,"Pan","CA13",1,7,"True","s599"
1058,"Salmon","CA20",28,4,"True","s600"
1002,"Vodka","CA1",7,8,"True","s601"
1005,"Lego","CA2",30,29,"True","s602"
1020,"French cheese","CA7",6,26,"True","s603"
1049,"Brush","CA17",2,3,"True","s604"
1054,"Egg","CA18",26,2,"True","s605"
1028,"Celery","CA10",14,3,"True","s606"
1041,"Thai kit","CA14",29,4,"True","s607"
1021,"Italian cheese","CA7",19,18,"True","s608"
1023,"Rose","CA8",11,15,"True","s609"
1055,"Tomato salsa","CA19",2,2,"True","s610"
1060,"Crab","CA20",21,29,"True","s611"
1055,"Tomato salsa","CA19",14,2,"True","s612"
1017,"2% milk","CA6",1,26,"True","s613"
1033,"Makeup remover","CA11",2,2,"True","s614"
1005,"Lego","CA2",17,6,"True","s615"
1033,"Makeup remover","CA11",11,18,"True","s616"
1011,"French bread","CA4",14,29,"True","s617"
1046,"Coke","CA16",3,18,"True","s618"
1001,"Beer","CA1",26,15,"True","s619"
1044,"Pork","CA15",3,26,"True","s620"
1056,"Corn salsa","CA19",5,23,"True","s621"
1011,"French bread","CA4",6,10,"True","s622"
1024,"Lily","CA8",7,2,"True","s623"
1012,"Milk bread","CA4",13,10,"True","s624"
1050,"Dog chain","CA17",4,20,"True","s625"
1056,"Corn salsa","CA19",13,23,"True","s626"
1049,"Brush","CA17",15,26,"True","s627"
1013,"Broccoli Beef","CA5",30,0,"False","s628"
1046,"Coke","CA16",9,29,"True","s629"
1016,"Whole milk","CA6",13,26,"True","s630"
1045,"Lamb","CA15",2,18,"True","s631"
1048,"Coconut water","CA16",4,8,"True","s632"
1024,"Lily","CA8",26,26,"True","s633"
1036,"Napkin","CA12",7,7,"True","s634"
1016,"Whole milk","CA6",21,10,"True","s635"
1002,"Vodka","CA1",20,18,"True","s636"
1032,"Face wash","CA11",1,6,"True","s637"
1051,"Dog treat","CA17",5,7,"True","s638"
1057,"Guacamole","CA19",4,29,"True","s639"
1047,"Orange soda","CA16",29,10,"True","s640"
1010,"Croissant","CA4",7,10,"True","s641"
1037,"Bowl","CA13",15,3,"True","s642"
1041,"Thai kit","CA14",15,29,"True","s643"
1023,"Rose","CA8",10,15,"True","s644"
1015,"Steam Vegetable","CA5",9,3,"True","s645"
1014,"Kungpao Chicken","CA5",15,18,"True","s646"
1013,"Broccoli Beef","CA5",26,4,"True","s647"
1042,"Chinese kit","CA14",8,2,"True","s648"
1021,"Italian cheese","CA7",17,15,"True","s649"
1060,"Crab","CA20",30,8,"True","s650"
1012,"Milk bread","CA4",24,3,"True","s651"
1017,"2% milk","CA6",30,5,"True","s652"
1031,"Hand cream","CA11",7,23,"True","s653"
1036,"Napkin","CA12",17,11,"True","s654"
1028,"Celery","CA10",29,3,"True","s655"
1015,"Steam Vegetable","CA5",8,7,"True","s656"
1034,"Paper towel","CA12",12,0,"False","s657"
1047,"Orange soda","CA16",15,4,"True","s658"
1042,"Chinese kit","CA14",13,11,"True","s659"
1010,"Croissant","CA4",17,5,"True","s660"
1002,"Vodka","CA1",24,10,"True","s661"
1035,"Kitchen towel","CA12",29,26,"True","s662"
1034,"Paper towel","CA12",15,18,"True","s663"
1008,"Muffin","CA3",28,7,"True","s664"
1008,"Muffin","CA3",2,10,"True","s665"
1062,"Doritos","CA21",24,4,"True","s666"
1020,"French cheese","CA7",15,3,"True","s667"
1032,"Face wash","CA11",28,10,"True","s668"
1049,"Brush","CA17",2,4,"True","s669"
1038,"Pan","CA13",22,3,"True","s670"
1017,"2% milk","CA6",15,10,"True","s671"
1016,"Whole milk","CA6",28,7,"True","s672"
1030,"Cabbage","CA10",7,10,"True","s673"
1010,"Croissant","CA4",6,10,"True","s674"
1058,"Salmon","CA20",3,15,"True","s675"
1050,"Dog chain","CA17",6,5,"True","s676"
1029,"Bok choy","CA10",20,11,"True","s677"
1019,"Swiss cheese","CA7",14,6,"True","s678"
1004,"Toy","CA2",1,8,"True","s679"
1021,"Italian cheese","CA7",20,10,"True","s680"
1059,"Shrimp","CA20",6,0,"False","s681"
1042,"Chinese kit","CA14",16,18,"True","s682"
1048,"Coconut water","CA16",24,20,"True","s683"
1045,"Lamb","CA15",10,2,"True","s684"
1006,"Nursing bottle","CA2",1,6,"True","s685"
1030,"Cabbage","CA10",24,10,"True","s686"
1020,"French cheese","CA7",19,11,"True","s687"
1055,"Tomato salsa","CA19",23,29,"True","s688"
1042,"Chinese kit","CA14",15,10,"True","s689"
1060,"Crab","CA20",22,20,"True","s690"
1056,"Corn salsa","CA19",6,23,"True","s691"
1032,"Face wash","CA11",29,10,"True","s692"
1011,"French bread","CA4",10,11,"True","s693"
1036,"Napkin","CA12",15,0,"False","s694"
1060,"Crab","CA20",25,15,"True","s695"
1029,"Bok choy","CA10",7,11,"True","s696"
1057,"Guacamole","CA19",10,10,"True","s697"
1028,"Celery","CA10",18,29,"True","s698"
1025,"Freezing bag","CA9",23,0,"False","s699"
1061,"Gum","CA21",22,8,"True","s700"
1053,"Chicken thigh","CA18",8,20,"True","s701"
1057,"Guacamole","CA19",24,8,"True","s702"
1042,"Chinese kit","CA14",7,7,"True","s703"
1029,"Bok choy","CA10",23,7,"True","s704"
1018,"Nonfat milk","CA6",20,2,"True","s705"
1008,"Muffin","CA3",29,6,"True","s706"
1040,"Indian kit","CA14",23,2,"True","s707"
1018,"Nonfat milk","CA6",17,8,"True","s708"
1011,"French bread","CA4",21,6,"True","s709"
1023,"Rose","CA8",23,4,"True","s710"
1028,"Celery","CA10",24,3,"True","s711"
1033,"Makeup remover","CA11",7,18,"True","s712"
1062,"Doritos","CA21",30,4,"True","s713"
1019,"Swiss cheese","CA7",7,7,"True","s714"
1021,"Italian cheese","CA7",20,3,"True","s715"
1036,"Napkin","CA12",12,6,"True","s716"
1027,"Freezing machine","CA9",25,3,"True","s717"
1037,"Bowl","CA13",20,4,"True","s718"
1063,"SunChip","CA21",16,23,"True","s719"
1026,"Ice","CA9",4,4,"True","s720"
1023,"Rose","CA8",5,20,"True","s721"
1035,"Kitchen towel","CA12",30,15,"True","s722"
1004,"Toy","CA2",1,18,"True","s723"
1027,"Freezing machine","CA9",7,10,"True","s724"
1002,"Vodka","CA1",26,15,"True","s725"
1047,"Orange soda","CA16",10,3,"True","s726"
1043,"Beef","CA15",11,20,"True","s727"
1007,"Cake","CA3",11,4,"True","s728"
1044,"Pork","CA15",17,10,"True","s729"
1032,"Face wash","CA11",4,15,"True","s730"
1018,"Nonfat milk","CA6",25,6,"True","s731"
1023,"Rose","CA8",3,7,"True","s732"
1005,"Lego","CA2",1,15,"True","s733"
1001,"Beer","CA1",24,15,"True","s734"
1030,"Cabbage","CA10",30,8,"True","s735"
1018,"Nonfat milk","CA6",26,18,"True","s736"
1022,"Orchid","CA8",8,10,"True","s737"
1013,"Broccoli Beef","CA5",6,26,"True","s738"
1023,"Rose","CA8",17,29,"True","s739"
1009,"Sandwich","CA3",29,8,"True","s740"
1013,"Broccoli Beef","CA5",24,8,"True","s741"
1049,"Brush","CA17",19,6,"True","s742"
1027,"Freezing machine","CA9",28,26,"True","s743"
1036,"Napkin","CA12",18,6,"True","s744"
1043,"Beef","CA15",19,23,"True","s745"
1029,"Bok choy","CA10",5,23,"True","s746"
1040,"Indian kit","CA14",6,18,"True","s747"
1005,"Lego","CA2",22,3,"True","s748"
1001,"Beer","CA1",25,20,"True","s749"
1057,"Guacamole","CA19",23,4,"True","s750"
1022,"Orchid","CA8",3,23,"True","s751"
1031,"Hand cream","CA11",23,4,"True","s752"
1061,"Gum","CA21",24,10,"True","s753"
1047,"Orange soda","CA16",29,23,"True","s754"
1021,"Italian cheese","CA7",7,8,"True","s755"
1022,"Orchid","CA8",7,4,"True","s756"
1004,"Toy","CA2",10,3,"True","s757"
1041,"Thai kit","CA14",26,20,"True","s758"
1055,"Tomato salsa","CA19",4,26,"True","s759"
1019,"Swiss cheese","CA7",14,3,"True","s760"
1006,"Nursing bottle","CA2",24,10,"True","s761"
1057,"Guacamole","CA19",6,7,"True","s762"
1024,"Lily","CA8",19,3,"True","s763"
1033,"Makeup remover","CA11",19,18,"True","s764"
1057,"Guacamole","CA19",3,7,"True","s765"
1057,"Guacamole","CA19",8,10,"True","s766"
1024,"Lily","CA8",7,4,"True","s767"
1023,"Rose","CA8",15,2,"True","s768"
1035,"Kitchen towel","CA12",28,6,"True","s769"
1041,"Thai kit","CA14",13,6,"True","s770"
1004,"Toy","CA2",20,6,"True","s771"
1013,"Broccoli Beef","CA5",30,10,"True","s772"
1014,"Kungpao Chicken","CA5",11,6,"True","s773"
1054,"Egg","CA18",24,6,"True","s774"
1057,"Guacamole","CA19",3,10,"True","s775"
1008,"Muffin","CA3",11,11,"True","s776"
1050,"Dog chain","CA17",4,0,"False","s777"
1014,"Kungpao Chicken","CA5",16,15,"True","s778"
1043,"Beef","CA15",9,18,"True","s779"
1018,"Nonfat milk","CA6",25,8,"True","s780"
1021,"Italian cheese","CA7",28,10,"True","s781"
1005,"Lego","CA2",25,26,"True","s782"
1063,"SunChip","CA21",20,20,"True","s783"
1049,"Brush","CA17",8,15,"True","s784"
1002,"Vodka","CA1",28,2,"True","s785"
1056,"Corn salsa","CA19",6,26,"True","s786"
1023,"Rose","CA8",26,11,"True","s787"
1010,"Croissant","CA4",15,18,"True","s788"
1006,"Nursing bottle","CA2",27,3,"True","s789"
1035,"Kitchen towel","CA12",14,18,"True","s790"
1060,"Crab","CA20",26,0,"False","s791"
1047,"Orange soda","CA16",24,2,"True","s792"
1054,"Egg","CA18",25,11,"True","s793"
1049,"Brush","CA17",21,2,"True","s794"
1055,"Tomato salsa","CA19",30,20,"True","s795"
1027,"Freezing machine","CA9",13,10,"True","s796"
1018,"Nonfat milk","CA6",11,29,"True","s797"
1057,"Guacamole","CA19",2,6,"True","s798"
1033,"Makeup remover","CA11",2,5,"True","s799"
1014,"Kungpao Chicken","CA5",7,23,"True","s800"
1037,"Bowl","CA13",25,8,"True","s801"
1037,"Bowl","CA13",19,3,"True","s802"
1029,"Bok choy","CA10",14,2,"True","s803"
1012,"Milk bread","CA4",12,5,"True","s804"
1016,"Whole milk","CA6",18,18,"True","s805"
1006,"Nursing bottle","CA2",13,0,"False","s806"
1033,"Makeup remover","CA11",24,18,"True","s807"
1042,"Chinese kit","CA14",22,6,"True","s808"
1062,"Doritos","CA21",29,26,"True","s809"
1001,"Beer","CA1",30,10,"True","s810"
1050,"Dog chain","CA17",10,5,"True","s811"
1034,"Paper towel","CA12",23,3,"True","s812"
1045,"Lamb","CA15",10,11,"True","s813"
1048,"Coconut water","CA16",12,4,"True","s814"
1016,"Whole milk","CA6",30,0,"False","s815"
1025,"Freezing bag","CA9",18,15,"True","s816"
1048,"Coconut water","CA16",8,20,"True","s817"
1035,"Kitchen towel","CA12",6,10,"True","s818"
1047,"Orange soda","CA16",18,6,"True","s819"
1004,"Toy","CA2",17,23,"True","s820"
1050,"Dog chain","CA17",21,18,"True","s821"
1045,"Lamb","CA15",25,7,"True","s822"
1051,"Dog treat","CA17",9,3,"True","s823"
1063,"SunChip","CA21",30,5,"True","s824"
1033,"Makeup remover","CA11",29,2,"True","s825"
1046,"Coke","CA16",2,4,"True","s826"
1026,"Ice","CA9",27,8,"True","s827"
1005,"Lego","CA2",3,4,"True","s828"
1016,"Whole milk","CA6",27,0,"False","s829"
1042,"Chinese kit","CA14",16,7,"True","s830"
1060,"Crab","CA20",22,18,"True","s831"
1054,"Egg","CA18",25,20,"True","s832"
1058,"Salmon","CA20",29,4,"True","s833"
1046,"Coke","CA16",8,3,"True","s834"
1021,"Italian cheese","CA7",9,18,"True","s835"
1005,"Lego","CA2",13,26,"True","s836"
1021,"Italian cheese","CA7",25,6,"True","s837"
1027,"Freezing machine","CA9",17,15,"True","s838"
1027,"Freezing machine","CA9",12,5,"True","s839"
1048,"Coconut water","CA16",19,6,"True","s840"
1039,"Fork","CA13",27,23,"True","s841"
1006,"Nursing bottle","CA2",30,18,"True","s842"
1041,"Thai kit","CA14",20,10,"True","s843"
1028,"Celery","CA10",10,4,"True","s844"
1013,"Broccoli Beef","CA5",30,10,"True","s845"
1012,"Milk bread","CA4",28,8,"True","s846"
1027,"Freezing machine","CA9",24,29,"True","s847"
1007,"Cake","CA3",23,23,"True","s848"
1032,"Face wash","CA11",1,18,"True","s849"
1049,"Brush","CA17",6,5,"True","s850"
1050,"Dog chain","CA17",17,11,"True","s851"
1035,"Kitchen towel","CA12",8,10,"True","s852"
1039,"Fork","CA13",29,10,"True","s853"
1007,"Cake","CA3",1,26,"True","s854"
1030,"Cabbage","CA10",1,26,"True","s855"
1058,"Salmon","CA20",17,10,"True","s856"
1005,"Lego","CA2",21,23,"True","s857"
1035,"Kitchen towel","CA12",3,26,"True","s858"
1026,"Ice","CA9",9,10,"True","s859"
1014,"Kungpao Chicken","CA5",16,8,"True","s860"
1020,"French cheese","CA7",19,10,"True","s861"
1050,"Dog chain","CA17",5,10,"True","s862"
1005,"Lego","CA2",30,8,"True","s863"
1055,"Tomato salsa","CA19",28,6,"True","s864"
1046,"Coke","CA16",22,23,"True","s865"
1034,"Paper towel","CA12",7,0,"False","s866"
1004,"Toy","CA2",5,4,"True","s867"
1045,"Lamb","CA15",25,4,"True","s868"
1033,"Makeup remover","CA11",2,10,"True","s869"
1006,"Nursing bottle","CA2",12,5,"True","s870"
1030,"Cabbage","CA10",1,26,"True","s871"
1009,"Sandwich","CA3",13,11,"True","s872"
1020,"French cheese","CA7",28,18,"True","s873"
1059,"Shrimp","CA20",3,0,"False","s874"
1032,"Face wash","CA11",18,2,"True","s875"
1038,"Pan","CA13",9,0,"False","s876"
1037,"Bowl","CA13",21,11,"True","s877"
1046,"Coke","CA16",1,4,"True","s878"
1002,"Vodka","CA1",5,2,"True","s879"
1048,"Coconut water","CA16",1,29,"True","s880"
1033,"Makeup remover","CA11",13,10,"True","s881"
1057,"Guacamole","CA19",19,10,"True","s882"
1011,"French bread","CA4",18,10,"True","s883"
1036,"Napkin","CA12",26,8,"True","s884"
1043,"Beef","CA15",1,4,"True","s885"
1039,"Fork","CA13",9,10,"True","s886"
1014,"Kungpao Chicken","CA5",13,8,"True","s887"
1035,"Kitchen towel","CA12",21,3,"True","s888"
1058,"Salmon","CA20",13,10,"True","s889"
1021,"Italian cheese","CA7",20,23,"True","s890"
1041,"Thai kit","CA14",2,15,"True","s891"
1023,"Rose","CA8",30,26,"True","s892"
1056,"Corn salsa","CA19",3,2,"True","s893"
1054,"Egg","CA18",5,4,"True","s894"
1023,"Rose","CA8",25,10,"True","s895"
1012,"Milk bread","CA4",21,5,"True","s896"
1050,"Dog chain","CA17",9,2,"True","s897"
1010,"Croissant","CA4",15,26,"True","s898"
1010,"Croissant","CA4",11,18,"True","s899"
1057,"Guacamole","CA19",21,11,"True","s900"
1043,"Beef","CA15",9,26,"True","s901"
1018,"Nonfat milk","CA6",1,3,"True","s902"
1011,"French bread","CA4",3,23,"True","s903"
1026,"Ice","CA9",27,5,"True","s904"
1057,"Guacamole","CA19",13,4,"True","s905"
1030,"Cabbage","CA10",23,11,"True","s906"
1050,"Dog chain","CA17",6,20,"True","s907"
1004,"Toy","CA2",30,23,"True","s908"
1050,"Dog chain","CA17",20,3,"True","s909"
1022,"Orchid","CA8",30,18,"True","s910"
1006,"Nursing bottle","CA2",1,5,"True","s911"
1063,"SunChip","CA21",24,0,"False","s912"
1017,"2% milk","CA6",17,18,"True","s913"
1037,"Bowl","CA13",18,10,"True","s914"
1038,"Pan","CA13",30,15,"True","s915"
1033,"Makeup remover","CA11",14,5,"True","s916"
1025,"Freezing bag","CA9",29,26,"True","s917"
1006,"Nursing bottle","CA2",13,10,"True","s918"
1022,"Orchid","CA8",13,3,"True","s919"
1050,"Dog chain","CA17",9,26,"True","s920"
1057,"Guacamole","CA19",27,10,"True","s921"
1040,"Indian kit","CA14",16,3,"True","s922"
1058,"Salmon","CA20",18,3,"True","s923"
1056,"Corn salsa","CA19",18,18,"True","s924"
1033,"Makeup remover","CA11",8,5,"True","s925"
1041,"Thai kit","CA14",22,3,"True","s926"
1043,"Beef","CA15",29,20,"True","s927"
1013,"Broccoli Beef","CA5",21,29,"True","s928"
1036,"Napkin","CA12",22,10,"True","s929"
1024,"Lily","CA8",28,23,"True","s930"
1056,"Corn salsa","CA19",9,10,"True","s931"
1022,"Orchid","CA8",27,10,"True","s932"
1027,"Freezing machine","CA9",6,29,"True","s933"
1044,"Pork","CA15",17,4,"True","s934"
1030,"Cabbage","CA10",12,3,"True","s935"
1028,"Celery","CA10",14,10,"True","s936"
1061,"Gum","CA21",15,15,"True","s937"
1040,"Indian kit","CA14",27,2,"True","s938"
1051,"Dog treat","CA17",11,7,"True","s939"
1060,"Crab","CA20",21,26,"True","s940"
1033,"Makeup remover","CA11",9,26,"True","s941"
1036,"Napkin","CA12",20,26,"True","s942"
1054,"Egg","CA18",22,6,"True","s943"
1024,"Lily","CA8",8,2,"True","s944"
1021,"Italian cheese","CA7",23,11,"True","s945"
1009,"Sandwich","CA3",20,20,"True","s946"
1028,"Celery","CA10",21,23,"True","s947"
1001,"Beer","CA1",8,0,"False","s948"
1048,"Coconut water","CA16",7,10,"True","s949"
1054,"Egg","CA18",3,15,"True","s950"
1055,"Tomato salsa","CA19",2,2,"True","s951"
1036,"Napkin","CA12",1,0,"False","s952"
1030,"Cabbage","CA10",10,8,"True","s953"
1019,"Swiss cheese","CA7",9,5,"True","s954"
1023,"Rose","CA8",4,23,"True","s955"
1057,"Guacamole","CA19",21,18,"True","s956"
1050,"Dog chain","CA17",28,5,"True","s957"
1056,"Corn salsa","CA19",29,20,"True","s958"
1016,"Whole milk","CA6",9,6,"True","s959"
1036,"Napkin","CA12",10,10,"True","s960"
1058,"Salmon","CA20",4,18,"True","s961"
1051,"Dog treat","CA17",1,3,"True","s962"
1039,"Fork","CA13",4,29,"True","s963"
1031,"Hand cream","CA11",7,7,"True","s964"
1039,"Fork","CA13",19,5,"True","s965"
1054,"Egg","CA18",5,4,"True","s966"
1057,"Guacamole","CA19",25,11,"True","s967"
1038,"Pan","CA13",25,23,"True","s968"
1018,"Nonfat milk","CA6",25,2,"True","s969"
1016,"Whole milk","CA6",25,10,"True","s970"
1057,"Guacamole","CA19",8,10,"True","s971"
1037,"Bowl","CA13",17,15,"True","s972"
1016,"Whole milk","CA6",13,6,"True","s973"
1059,"Shrimp","CA20",19,18,"True","s974"
1040,"Indian kit","CA14",11,11,"True","s975"
1058,"Salmon","CA20",11,26,"True","s976"
1063,"SunChip","CA21",26,4,"True","s977"
1021,"Italian cheese","CA7",3,10,"True","s978"
1057,"Guacamole","CA19",25,18,"True","s979"
1038,"Pan","CA13",2,4,"True","s980"
1039,"Fork","CA13",5,0,"False","s981"
1056,"Corn salsa","CA19",10,10,"True","s982"
1057,"Guacamole","CA19",30,4,"True","s983"
1050,"Dog chain","CA17",25,11,"True","s984"
1014,"Kungpao Chicken","CA5",8,10,"True","s985"
1013,"Broccoli Beef","CA5",15,20,"True","s986"
1044,"Pork","CA15",13,7,"True","s987"
1011,"French bread","CA4",6,20,"True","s988"
1040,"Indian kit","CA14",11,15,"True","s989"
1018,"Nonfat milk","CA6",26,8,"True","s990"
1052,"Chicken breast","CA18",21,8,"True","s991"
1051,"Dog treat","CA17",24,23,"True","s992"
1027,"Freezing machine","CA9",16,23,"True","s993"
1017,"2% milk","CA6",6,29,"True","s994"
1020,"French cheese","CA7",1,23,"True","s995"
1002,"Vodka","CA1",26,26,"True","s996"
1044,"Pork","CA15",22,10,"True","s997"
1005,"Lego","CA2",14,15,"True","s998"
1008,"Muffin","CA3",8,20,"True","s999"
1010,"Croissant","CA4",11,10,"True","s1000"
